board	quantity	rung	stands_on	checked_against	section
pillars	the twenty-four solar terms	0	Swiss Ephemeris: the Sun's apparent longitude crossing a multiple of 15°, aberration and nutation included	lunar-javascript, 1926 dates from 1902 to 2098, agreeing on every one	Tier 1 — the calendrical layer
pillars	the lunar date	0	the new moon on 120°E, the Moon's elongation from the Sun driven to zero	lunar-javascript, the same 1926 dates	Tier 1 — the calendrical layer
pillars	the four pillars	1	the sexagenary count anchored on the terms and on the day boundary	lunar-javascript, year, month, day and hour on all 1926 dates	Tier 1 — the calendrical layer
pillars	the true-solar correction	0	Swiss Ephemeris's lmt_to_lat for the equation of time, plus the offset from the zone's meridian	nothing independent: the ephemeris is the instrument here and not a witness	Tier 1 — the calendrical layer
pillars	納音, hidden stems, ten gods, twelve stages, void branches, the luck cycles	1	transmitted tables and derivations over the pillars	lunar-javascript, 479 charts over the same two centuries, the eleven disagreements all inside China's moving clocks	Tier 1 — the calendrical layer
bazi	the count of the five elements	0	the element of each stem and each branch, arithmetic over the eight characters, zeroes included	the basis is the tier-1 material the seasonal states and the 納音 already share; the count adds no rule	五行 of the eight characters — a count, not a weighing
qimen	the earth plate	1	counting the instruments and the marvels through the Luoshu	all eighteen published arrangements reproduced without a cell out of place, and qimen-dunjia over 160 charts	Tier 2 — the layout, and the zhirun ju
qimen	the ju under 拆補, the yuan from the term	1	the term in force, cut into three fives from the instant it began	qimen-dunjia 2.1.0, 160 charts from 2000 to 2023, all thirteen quantities. The term-to-局 table under it is confirmed entire in print: 《奇門遁甲金鏡寶鑑》 heads each of its eighteen 局 with the four term-and-yuan slots that take it, and all seventy-two cells agree	Tier 2 — the layout, and the zhirun ju
qimen	the ju under 拆補, the yuan from the 符頭	1	the day pillar's place in the fifteen-day cycle headed by 甲 and 己	kinqimen over 3652 days, and fengshui-hacks on 260 of 266 moments, the six being 超神 windows	Tier 2 — the layout, and the zhirun ju
qimen	the ju under 置閏	4	《奇門遁甲統宗》卷一 置閏法: whole fifteen-day blocks, the drift paid off by a repeated 芒種 or 大雪	the text's own worked example over 1717–1719, every date and every dated term reproduced; ktonko.com confirms the structure piecewise. **Where the repeated block goes is contested**: 《奇門遁甲金鏡寶鑑》卷之一 repeats the term the year's leap month falls under instead, works it over 1678 and 1691 — both leap months confirmed here — and rejects the solstice placement outright	置閏 has a dated worked example, and it moves the pin by a day
qimen	the heaven plate, the nine stars, the eight gates, the eight spirits, 值符, 值使, 旬首, 空亡, 驛馬	1	the turn of the plate until the instrument stands over the hour's stem	fengshui-hacks, 260 charts over the eight outer palaces — it leaves the centre starless, so it cannot weigh the ninth; and qimen-dunjia over 666 charts agreeing on the earth plate, the heaven plate and all nine stars, including the 147 that put a stem in the centre. 《奇門遁甲全局》 in print, four charts of 陽遁一局 and 陰遁一局 read on the plate — the yin board agrees on all eight spirits, the yang board keeps 白虎 where this engine renames it. 《奇門遁甲金鏡寶鑑》 in print, the 起星訣 and 起門訣 of 陽遁一局 read whole — all six 直符 stars and all six 直使 gates agree by name, and all twenty palace disagreements are the centre counted as a station, one of them carrying a cut slip on top of it. Its prose, swept whole for 卷一~卷三, pairs the middle seats as this engine does — 勾陳 with 白虎, 朱雀 with 玄武 — and selects between the two names by the matter asked rather than by the dun	Tier 2 — the layout, and the zhirun ju
qimen	門迫	3	the gate's phase controlling the palace's, which is one of the five relations	《統宗》卷一 迫 prints eleven of the thirteen cells with its own reasons beside them; the two it omits its own reasons cover	Derived, with the transmitted list as the test
qimen	五不遇時	3	the hour's stem controlling the day's at the same polarity	the ten transmitted pairings — and the derivation found the mnemonic incomplete, the condition striking twice on two days in ten; and 《奇門遁甲金鏡寶鑑》卷之四 states the rule with its condition in print — 「時干剋日干。陽忌陽，陰忌陰」 — so the polarity clause is transmitted and not only inferred	Derived, with the transmitted list as the test
qimen	驛馬	3	the branch facing the triad's 長生	申子辰馬在寅 and its three fellows	Derived, with the transmitted list as the test
qimen	旺相休囚死, 門宮, 星宮	3	the five-phase reckoning against the season and against the palace	stateable in a sentence and asserted against it; 門迫 is one of the five relations and a test holds the two to each other. **Contradicted in print**: 《奇門遁甲金鏡寶鑑》卷之四 states and tabulates the same five relations read outward from the star, which transposes 相 with 休 and 囚 with 死, and extends them to the day and hour where this engine reads the month alone	Derived, with the transmitted list as the test
qimen	入墓 and 六儀擊刑	5	transmitted tables, held and deliberately not derived: 入墓 parts from the twelve stages	《統宗》卷一 奇門四十格 in print — 擊刑 decade for decade and palace for palace, 入墓 three of its four, 戊 in Qian having no line of its own; 《奇門遁甲金鏡寶鑑》卷之四 prints the 擊刑 palaces of all six decades and agrees cell for cell, which is a second print for that half of the row and none for 入墓	Transmitted, not derived
qimen	十干克應 — the twelve pairings shipped	2	the 四十格 verse and its tabular redactions	six witnesses collated cell by cell; eleven pairings pinned to a line of the verse, one of them to a line the recensions divide over, and 戰格 to two sources agreeing. The other sixty-nine cells are refused	十干克應 — what was checked, one pairing at a time
qimen	八門 — what each gate is chosen for	2	《太乙金鏡式經》's domains and the 執事歌's errands	a Tang witness, two independent redactions of the verse, and 《統宗》卷二's prose table; the 統宗 passage confirmed on a second printed edition	八門 — what each gate is chosen for
nianming	本命 and 行年	5	《遁甲演義》卷一 遁甲錯誤須檢點, which states the rule and states leaving it out as a defect	nothing to run it against. The 四庫全書提要 singles the doctrine out as one other books do not carry, which is a witness to its rarity and not a second statement of it	年命 — the birth inside a chart of a moment
liuren	the four courses, 月將加時 and the 寄宮 table	1	the general set on the palace of the hour, every branch a constant step from where it lives	kinliuren over 17280 term-keyed boards: the four courses 17280/17280, the 上剋下 · 下賊上 marking 17280/17280	The runnable references, and what they weigh
liuren	the three transmissions and the 九宗門	1	the nine rules, stated line by line in 《六壬大全》卷一 入手法	liuren-ts-lib over the whole 8640-board space, 99.6 %, and 99.7 % where the two references agree — the two agreeing with each other on only 82.4 %	The runnable references, and what they weigh
liuren	返吟	4	《六壬大全》卷一's own statement of the exception, which is exhaustive about itself	no reference could check it; the text can be held to it and is	返吟, which no reference could check, and the text checks exhaustively
liuren	the five-phase assignments of the 十二天將	-	the tradition transmits them and the engine carries none	no source is registered here, which is why the drawing leaves them in neutral ink	What the board does not carry
liuren	the 貴人 seat, by day and by night	2	the 貴人歌 — 甲戊庚牛羊, 乙己鼠猴鄉, 丙丁豬雞位, 壬癸蛇兔藏, 六辛逢馬虎	《六壬大全》, which prints the verse with the branches interlined, against 《大六壬精解》 p. 26, which prints it with a prose gloss. The two disagree on one character — 六壬 for 六辛 in the 精校本 — and the interlinear 午寅 settles it, 壬 having been placed at 巳卯 two lines above	《大六壬精解》, and the one refusal it moves
liuren	which hours are 晝 and which 夜	5	《大六壬精解》 p. 26: 卯辰巳午未申 are 晝時, 酉戌亥子丑寅 are 夜時, with a worked example on 甲子日	nothing. 《六壬大全》 carries the 貴人 verse and the 晝順夜逆 rule and nowhere says which hours are 晝, so the division the engine computes rests on this one book	《大六壬精解》, and the one refusal it moves
almanac	建除十二直 — the officer of the day	1	the count anchored on the 節, doubling the day a term opens on	lunar-javascript, every day from 2000 to 2039: officer and day pillar together 14600/14600	What it was checked against
almanac	二十八宿值日	1	one unbroken count of days, crossing a 節 where 建除 doubles	lunar-javascript 14600/14600 with the 七政 of each lodge, on an epoch over-determined by the seven-day lock the names carry	二十八宿值日 — the count, shipped without the doctrine
almanac	十二神 — the 黃黑道	4	《協紀辨方書》卷七, which rejects the two accounts it was handed and derives its own: 天罡 laid on the 建	the source works three months out in full and all three fall out of the rule	十二神 — the block where the source does its own work
almanac	年神 — twenty-six bearings	5	《協紀辨方書》卷三, each one whose position the source states outright and completely in its own entry	nothing: one text, quoted. What the source says about each beyond the bearing is 宜忌 and does not travel	年神 — six bearings, and why six is a boundary and not a set
almanac	四德 — 天德, 月德 and their 合	4	《協紀辨方書》卷四, enumerated whole	each 德 is confirmed by its own 五合 partner, which is the source stating one fact twice; against lunar-javascript over 3650 days, 天德合 100 %, 月德合 99.86 %, 天德 99.59 %, 月德 99.29 %, the residue unexplained and left standing	四德 — the first of the month gods
almanac	神煞 — the seven a day carries or does not	5	《協紀辨方書》卷五, each keyed to the month's branch, the season, or the day branch alone	nothing beyond the source's own enumeration. 《御定星歷考原》 was got as the second witness and cannot serve: the copy held is 卷一 of six, which carries no 神煞. Its 六合 derivation is confirmed on the plate, fuller than the 協紀's citation of it	神煞 — the seven a day carries or does not
qizheng	the places of the seven governors	0	Swiss Ephemeris, the library the solar terms already stand on	the positions are the same tier-1 material as the terms; every difficulty on this board is in the frame and not in them	七政四餘 — the board whose numbers come from the sky
qizheng	the frame — where the twenty-eight 宿 begin	3	the 距星 themselves, placed at the instant of the chart with precession and proper motion in them, from sefstars.txt	over-determined: twenty-eight transmitted widths, a ring that must close on 360°, and 儀象考成's places agreeing to about a minute of arc per star. 《曆法通志》 pp. 273-275 print the 黃道 widths of eight 曆 together, none with an epoch, and record that the 授時 took the 紀元曆's and that such tables are computed from the 赤道 by proportion rather than measured — which is this section's argument made from the other side	The frame, which is twenty-eight stars and not a table
qizheng	觜 and 參, the pair a degree apart	3	the same frame, at its narrowest lodge	儀象考成 1744 read against the computed places: 0.5″ for 斗宿一, 7.6″ for 參宿一, 50.5″ for 觜宿一 — a seventieth of the tightest question the frame answers	觜 and 參, which is the finding
qizheng	四餘 — 羅睺, 計都, 月孛	5	the mean elements the tradition transmits for them, 隱曜 being positions and not bodies	《星度指南》's worked board, which fixes a palace and not a degree, ±15°. 紫氣 is refused for want of any referent at all	四餘 — three of them, and why the fourth is missing
qizheng	命宮 by 立命 加時	3	「以生時加在太陽所在之宮，順數至卯」, which the texts state in one line	checked against the sky and not against a worked example: 卯時 returns the Sun's own palace, 酉時 the opposite, 午時 the palace ninety degrees along. A rule laid the other way fails all three	命宮 and the twelve 宮
qizheng	the twelve 人事宮	3	counting from the 命宮, in a direction no source consulted states in terms another could be held against	over-determination: ten of the twelve names fail a reversal, the twelve are the Hellenistic houses in the Hellenistic order and not 紫微斗數's, and the transmitted 運限 order runs the same way	人事十二宮 — carried on over-determination, and the check written out
taiyi	the epoch — 上元積年	4	《太乙金鏡式經》's own figure at 開元十二年甲子, 724 CE	the text states three reckonings differing by millions and all three are congruent modulo 周紀法 三百六十, which is the one residue every placement reduces by; the anchor is checked four ways inside the text. The 年計 constants beside it in 卷一 — 周紀法三百六十, 元法七十二, 太乙小周法二十四, 天目周法十八, 紀法六十 — divide into one another and pass every check, which is what shows the broken constants of the other three registers to be local corruption and not a misreading	The epoch, which the text states three times and disagrees with itself about
taiyi	the placements — 太乙宮, 天目, 主算, 客目, 客算, 計神	4	卷三's procedure, run over the 年計 register	the text's own 立成, 144 rows and 864 cells: 850 exact, thirteen of the fourteen divergences settled by the text against itself, one written down unsettled	The verification, and what it is worth
taiyi	大將 and 參將	5	the worked boards of 卷一, 卷六 and 卷九, which name their own 局	each is checked individually; the 參將's ring is induced rather than transmitted and the output says so, giving undefined where a count reduces to the centre	The verification, and what it is worth
taiyi	the 太歲 the count yields	1	the count from the anchor year, one a year in either direction	yearGanzhi over four centuries — the one check on this board that does not come from the text	The verification, and what it is worth
ziwei	the twelve palaces, the bureau, 紫微 and the fourteen main stars	1	《紫微斗數全書》卷二's verses, counted from the lunar month, the hour and the day	iztro and fortel-ziweidoushu over 544 births from 1930 to 2020: fifty-nine of sixty-three quantities agreeing in every chart	The comparison, and what it is worth
ziwei	the brightness grades	3	the table of seven grades closing 卷二	the grid counted itself — eighteen stars in all twelve branches and three in exactly eight, which is what 祿存 following the year stem forces; 卷三's coarse summaries agree where they overlap	The table of seven grades, which counted itself
ziwei	天刑 and 天姚	2	卷二, 酉 and 丑 counted forward from the first month	the only placements 《全書》 shares with the 十八飛星 transmission, agreeing character for character across two lineages that agree about nothing else	The comparison, and what it is worth
ziwei	火星 and 鈴星	4	卷二's seats from the birth year's triplicity, the hour nowhere in the verse	both editions print the same rule; agreement with the references is exactly the quarter of the sample whose hour offset is zero, which is what names the divergence rather than hiding it	The comparison, and what it is worth
ziwei	解神	4	「解神從戌上起子，逆數至當生年太歲上是也」, placed off the birth year	both editions agree; what modern software carries under this name is the 月系 star placed off the month — two quantities wearing one name	The comparison, and what it is worth
ziwei	the 四化 at 庚	5	《全書》's 庚日武陰同為首	the two editions of this book disagree about the line, and the reading kept is the one the references compute; a 中州派 manual sides with it, which is a school agreeing and not a witness. The Ming 南陽堂 recension, read on the plate, prints a third form — 庚日武同相為者, 科 天同 and 忌 天相 — so the line has three readings and the shipped one is the only one two voices agree on	The comparison, and what it is worth
ziwei	the five phases the board is inked by	2	three passages of 卷二, which give a phase to every star it places bar thirteen	both editions agree on all three word for word	The five phases, which this board reads and does not merely file
ziwei	身主	5	the 身主 line of 卷二, which reads 「子午人火玲星」 in both editions	the second witness confirms there is nothing to resolve it with: the defect is the work's and not a copyist's, and the induction first made here was withdrawn	身主, where an induction was made and then withdrawn
